{
    "val_aucs": [
        0.8586135127677991,
        0.8896883201994294,
        0.8812811390544956,
        0.8712729245737671
    ],
    "test_aucs": [
        0.8854610959988338,
        0.8854972407166947,
        0.8854133677283433,
        0.8830828609149874
    ]
}