{
    "val_aucs": [
        0.8795785937991463,
        0.9003673298170631,
        0.8929048992971125,
        0.8926364926183575
    ],
    "test_aucs": [
        0.897999622259593,
        0.8980000546441684,
        0.897295597005081,
        0.8970263106576128
    ]
}